"ossec_server","reporting_host","last_checkin"
nossec,250STN001,1264453546
nossec,250STN003,1264453546
nossec,250STN004,1264453546
nossec,250STN005,1264453546
nossec,"APA-MPP-1",1264181149
nossec,"APA-MPP-2",1264181749
nossec,ASHLAND001,1264453546
nossec,ASHLAND002,1264453546
nossec,ASHLAND004,1264453546
nossec,ASHLAND005,1264453546
nossec,ASHLAND006,1264453546
nossec,ASHLAND007,1264453546
nossec,ASHLANDPST,1264453546
nossec,BARBOURSVILLE01,1264453546
nossec,BARBOURSVILLE02,1264453546
nossec,BARBOURSVILLE03,1264453546
nossec,BECKLEYPST,1264453546
nossec,BECKLEYRET01,1264453546
nossec,BECKLEYRET02,1264453546
nossec,BECKLEYRET03,1264453546
nossec,BECKLEYRET04,1264453546
nossec,BECKLEYRET05,1264453546
nossec,BECKLEYRET06,1264453546
nossec,BERMUDA006,1264453546
nossec,BERMUDA01,1264453546
nossec,BERMUDA02,1264453546
nossec,BERMUDA03,1264453546
nossec,BERMUDA04,1264453546
nossec,BERMUDA07,1264453546
nossec,BERMUDAPST,1264453546
nossec,BLACKSBURG001,1264453546
nossec,BLACKSBURG002,1264453546
nossec,BLACKSBURG003,1264453546
nossec,BLACKSBURG004,1264453546
nossec,BLACKSBURGMGR,1264453546
nossec,BLACKSBURGPST,1264453546
nossec,BLUEFIELD101,1264453546
nossec,BLUEFIELD103,1264453546
nossec,BLUEFIELD104,1264453546
nossec,BLUEFIELD105,1264453546
nossec,BLUEFIELD106,1264453546
nossec,BLUEFIELD109,1264453546
nossec,BLUEFIELDPST,1264453546
nossec,BONSACK001,1264453546
nossec,BONSACK002,1264453546
nossec,BONSACK003,1264453546
nossec,BONSACK005,1264453546
nossec,BONSACKMGR,1264453546
nossec,BONSACKPST,1264269648
nossec,BRANDERMILL001,1264453546
nossec,BRANDERMILL002,1264453546
nossec,BRANDERMILL005,1264453546
nossec,BRANDERMILL006,1264453546
nossec,BRANDERMILLPST,1264453546
nossec,BROADSTREET001,1264453546
nossec,BROADSTREET002,1264453546
nossec,BROADSTREET003,1264453546
nossec,BROADSTREET004,1264453546
nossec,BROADSTREET005,1264453546
nossec,BROADSTREET006,1264453546
nossec,BROADSTREET007,1264453546
nossec,BROADSTREET009,1264453546
nossec,BROADSTREETPST,1264453546
nossec,BROOKRUN01,1264453546
nossec,BROOKRUN03,1264453546
nossec,BROOKRUN04,1264453546
nossec,BROOKRUN05,1264453546
nossec,BROOKRUN07,1264453546
nossec,BROOKRUNPST,1264453546
nossec,BUCKHANNON01,1264453546
nossec,BUCKHANNON02,1264453546
nossec,BUCKHANNON03,1264363846
nossec,BUCKHANNON04,1264453546
nossec,BUCKHANNONPST,1264453546
nossec,CHARLESTON100,1264453546
nossec,CHARLESTON101,1264453546
nossec,CHARLESTON102,1264453546
nossec,CHARLESTON103,1264453546
nossec,CHARLESTON104,1264453546
nossec,CHARLESTON105,1264453546
nossec,CHARLESTON106,1264453546
nossec,CHARLESTON107,1264453546
nossec,CHARLESTON109,1264453546
nossec,CHARLESTONTCPST,1264453546
nossec,CHESAPEAKE001,1264453546
nossec,CHESAPEAKE002,1264453546
nossec,CHESAPEAKE003,1264453546
nossec,CHESAPEAKE004,1264321247
nossec,CHESAPEAKE005,1264321547
nossec,CHESAPEAKE006,1264453546
nossec,CHESAPEAKE007,1264321847
nossec,CHESAPEAKE008,1264453546
nossec,CHESAPEAKE009,1264453546
nossec,CHESAPEAKE010,1264453546
nossec,CHESAPEAKEPST,1264453546
nossec,CHESKIOSK001,1264453546
nossec,CHESKIOSK002,1264453546
nossec,CHESTERFIELD001,1264453546
nossec,CHESTERFIELD004,1264453546
nossec,CHESTERFIELD006,1264453546
nossec,CHESTERFIELD007,1264453546
nossec,CHESTERFIELD008,1264453546
nossec,CHESTERFIELD009,1264453546
nossec,CHESTERFIELD010,1264180549
nossec,CHESTERFIELD03,1264453546
nossec,CHESTERFIELD05,1264453546
nossec,CHESTERFIELDPST,1264453546
nossec,CLARKSBURG100,1264453546
nossec,CLARKSBURG101,1264453546
nossec,CLARKSBURG102,1264453546
nossec,CLARKSBURG103,1264453546
nossec,CLARKSBURG104,1264453546
nossec,CLARKSBURGPST,1264453546
nossec,COVBORET001,1264453546
nossec,COVINGTONPST,1264453546
nossec,COVINGTONPST2,1264453546
nossec,COVRET001,1264453546
nossec,COVRET002,1264453546
nossec,COVRET003,1264453546
nossec,COVRET004,1264453546
nossec,CRANBERRYCR001,1264453546
nossec,CRANBERRYCR002,1264453546
nossec,CRANBERRYCR003,1264453546
nossec,CRANBERRYCR004,1264453546
nossec,CRANBERRYCR005,1264453546
nossec,CRANBERRYCR006,1264453546
nossec,CRANBERRYCRPST,1264453546
nossec,DANVILLE006,1264453546
nossec,DANVILLE007,1264453546
nossec,DANVILLE008,1264453546
nossec,DANVILLE009,1264453546
nossec,DANVILLEMGR,1264453546
nossec,DANVILLEPST,1264453546
nossec,ELKINS002,1264453546
nossec,ELKINS003,1264453546
nossec,ELKINS004,1264453546
nossec,ELKINS005,1264453546
nossec,ELKINS006,1264453546
nossec,ELKINSPST,1264453546
nossec,FAIRMONT100,1264453546
nossec,FAIRMONT102,1264453546
nossec,FAIRMONTPST,1264453546
nossec,FAIRMONTRET010,1264453546
nossec,FAIRMONTRET012,1264453546
nossec,GENBOOTH01,1264235148
nossec,GENBOOTH02,1264453546
nossec,GENBOOTH05,1264453546
nossec,GENBOOTHPST,1264453546
nossec,GHENT001,1264453546
nossec,GHENT002,1264453546
nossec,GHENT004,1264453546
nossec,GHENT005,1264453546
nossec,GHENT006,1264453546
nossec,GHENT007,1264453546
nossec,GHENT008,1264453546
nossec,GLENMARKPST,1264453546
nossec,GREENBRIER001,1264453546
nossec,GREENBRIER002,1264453546
nossec,GREENBRIER004,1264453546
nossec,GREENBRIER005,1264453546
nossec,GREENBRIER006,1264453546
nossec,GREENBRIER007,1264453546
nossec,GREENBRIER008,1264453546
nossec,GREENBRIER009,1264453546
nossec,GREENBRIER011,1264453546
nossec,GREENBRIER03,1264453546
nossec,GREENBRIERPST,1264453546
nossec,HAMPTON010,1264453546
nossec,HAMPTON011,1264453546
nossec,HAMPTON012,1264453546
nossec,HAMPTON013,1264453546
nossec,HAMPTON014,1264453546
nossec,HAMPTON015,1264453546
nossec,HAMPTON016,1264453546
nossec,HAMPTON017,1264453546
nossec,HAMPTON018,1264453546
nossec,HAMPTONPST,1264453546
nossec,HARRISONBURG001,1264453546
nossec,HARRISONBURG002,1264453546
nossec,HARRISONBURG003,1264453546
nossec,HARRISONBURG004,1264453546
nossec,HARRISONBURG008,1264453546
nossec,HBGUNIV001,1264453546
nossec,HBGUNIV002,1264453546
nossec,HBGUNIV003,1264437646
nossec,HBGUNIV005,1264453546
nossec,HBGUNIV006,1264453546
nossec,HBGUNIV008,1264453546
nossec,HBGUNIV009,1264453546
nossec,HILLTOP001,1264453546
nossec,HILLTOP003,1264453546
nossec,HILLTOP004,1264453546
nossec,HILLTOP005,1264453546
nossec,HILLTOP02,1264453546
nossec,HILLTOPPST,1264453546
nossec,HOLLYMEAD002,1264453546
nossec,HOLLYMEAD003,1264453546
nossec,HOLLYMEAD005,1264453546
nossec,HOLLYMEAD006,1264453546
nossec,HOLLYMEAD01,1264453546
nossec,HOLLYMEADPST,1264453546
nossec,HUNTINGTONPST,1264453546
nossec,HUNTRET10,1264453546
nossec,KEAGY001,1264453546
nossec,KEAGY002,1264453546
nossec,KEAGY003,1264453546
nossec,KEAGY004,1264453546
nossec,KEAGY005,1264453546
nossec,KEAGYPST,1264442746
nossec,KEMPSRIVER001,1264453546
nossec,KEMPSRIVER002,1264453546
nossec,KEMPSRIVER004,1264453546
nossec,KEMPSRIVER005,1264453546
nossec,KEMPSRIVER006,1264453546
nossec,KEMPSRIVERPST,1264453546
nossec,LABURNUM008,1264453546
nossec,LABURNUM009,1264453546
nossec,LABURNUM01,1264298447
nossec,LABURNUM02,1264453546
nossec,LABURNUM03,1264453546
nossec,LABURNUM04,1264453546
nossec,LABURNUM05,1264453546
nossec,LABURNUM06,1264453546
nossec,LABURNUM07,1264453546
nossec,LABURNUMPST,1264453546
nossec,"LANDSTOWN-PST",1264453546
nossec,LANDSTOWN001,1264453546
nossec,LANDSTOWN002,1264453546
nossec,LANDSTOWN003,1264453546
nossec,LANDSTOWN004,1264453546
nossec,LANDSTOWN005,1264453546
nossec,LANDSTOWN006,1264453546
nossec,LANDSTOWN007,1264453546
nossec,LEWISBURG001,1264453546
nossec,LEWISBURG002,1264453546
nossec,LEWISBURG003,1264453546
nossec,LEWISBURG004,1264453546
nossec,LEWISBURG005,1264453546
nossec,LEWISBURGPST,1264453546
nossec,LEXINGTON101,1264453546
nossec,LEXINGTON102,1264453546
nossec,LEXINGTON103,1264453546
nossec,LEXINGTON104,1264453546
nossec,LYNCHFORT001,1264453546
nossec,LYNCHFORT002,1264453546
nossec,LYNCHFORT004,1264453546
nossec,LYNCHFORT005,1264453546
nossec,LYNCHFORT006,1264453546
nossec,LYNCHFORT007,1264453546
nossec,LYNCHFORT008,1264453546
nossec,LYNCHGRAVES001,1264453546
nossec,LYNCHGRAVES002,1264453546
nossec,LYNCHGRAVES003,1264453546
nossec,LYNNHAVEN02,1264453546
nossec,MARKETSQRET005,1264453546
nossec,MARTINSVILLE001,1264453546
nossec,MARTINSVILLE002,1264453546
nossec,MARTINSVILLE003,1264453546
nossec,MARTINSVILLE004,1264453546
nossec,MARTINSVILLE005,1264453546
nossec,MARTINSVILLEMGR,1264453546
nossec,MARTINSVILLEPST,1264453546
nossec,MECHANICSVIL001,1264453546
nossec,MECHANICSVIL002,1264453546
nossec,MECHANICSVIL005,1264453546
nossec,MECHANICSVIL04,1264453546
nossec,MILITARY001,1264453546
nossec,MILITARY003,1264453546
nossec,MILITARY005,1264453546
nossec,MILITARY007,1264453546
nossec,MILITARY008,1264453546
nossec,MILITARY009,1264453546
nossec,MILITARY011,1264453546
nossec,MILITARY012,1264453546
nossec,MILITARY013,1264453546
nossec,MILITARY02,1264453546
nossec,MILITARY06,1264453546
nossec,MILITARYCRSSPST,1264453546
nossec,MINERAL001,1264453546
nossec,MINERAL002,1264453546
nossec,MINERAL003,1264453546
nossec,MINERAL004,1264453546
nossec,MINERAL005,1264453546
nossec,MINERAL006,1264453546
nossec,MINERALPST,1264453546
nossec,MORGANTOWN002,1264453546
nossec,MORGANTOWN003,1264453546
nossec,NEWBOSTON001,1264453546
nossec,NEWBOSTON05,1264453546
nossec,NEWBOSTON100,1264453546
nossec,NEWBOSTONPST,1264453546
nossec,NEWPOINT002,1264453546
nossec,NEWPOINT103,1264453546
nossec,NEWPOINTPST,1264453546
nossec,NEWPOINTRET100,1264453546
nossec,NEWPOINTRET101,1264453546
nossec,NEWPOINTRET102,1264453546
nossec,NEWPORTNEWSPST,1264453546
nossec,NEWPORTRET001,1264453546
nossec,NEWPORTRET002,1264453546
nossec,NEWPORTRET003,1264453546
nossec,NEWPORTRET005,1264453546
nossec,NEWPORTRET006,1264453546
nossec,NEWPORTRET008,1264453546
nossec,NEWPORTRET009,1264453546
nossec,NEWPORTRET010,1264453546
nossec,NEWPORTRET011,1264453546
nossec,NEWRIVERRET001,1264453546
nossec,NEWRIVERRET002,1264453546
nossec,"NOSSEC (SERVER)",1264453546
nossec,PANTOPS001,1264453546
nossec,PANTOPS003,1264453546
nossec,PANTOPS004,1264453546
nossec,PANTOPS005,1264453546
nossec,PANTOPS006,1264453546
nossec,PARKERSBURG001,1264453546
nossec,PARKERSBURG003,1264453546
nossec,PARKERSBURG004,1264453546
nossec,PARKERSBURG005,1264453546
nossec,PARKERSBURG006,1264453546
nossec,PARKERSBURGPST,1264453546
nossec,PATHENRY001,1264453546
nossec,PATHENRY002,1264453546
nossec,"PEMBROKE-PST",1264453546
nossec,PEMBROKE001,1264453546
nossec,PEMBROKE002,1264453546
nossec,"PMT-250STN",1264453546
nossec,"PMT-ASHLAND",1264453546
nossec,"PMT-BECKLEY",1264017051
nossec,"PMT-BERMUDA",1264453546
nossec,"PMT-BRANDERMILL",1264453546
nossec,"PMT-BROADSTREET",1264453546
nossec,"PMT-BROOKRUN",1264453546
nossec,"PMT-CHARLESTONT",1264453546
nossec,"PMT-CHESAPEAKE",1264453546
nossec,"PMT-CHESPEAKE-2",1264453546
nossec,"PMT-CHESTERFIEL",1264453546
nossec,"PMT-COLONIALHGT",1264453546
nossec,"PMT-COLONLGHT-2",1264453546
nossec,"PMT-DANVILLE",1264453546
nossec,"PMT-GENBOOTH",1264453546
nossec,"PMT-GHENT-2",1264453546
nossec,"PMT-GREENBRIER",1264453546
nossec,"PMT-GRNBRIER-2",1264453546
nossec,"PMT-HAMPTON2",1264453546
nossec,"PMT-HARRISBURG",1264453546
nossec,"PMT-HILLTOP",1264453546
nossec,"PMT-HUNTINGTON",1264453546
nossec,"PMT-KEMPSRIVER",1264453546
nossec,"PMT-LABURNAM-2",1264453546
nossec,"PMT-LANDSTOWN",1264453546
nossec,"PMT-LYNCHVILLAG",1264453546
nossec,"PMT-MERCEMALL",1264453546
nossec,"PMT-MILITARY-2",1264453546
nossec,"PMT-MRTNSVILLE",1264453546
nossec,"PMT-NEWPOINT",1264453546
nossec,"PMT-NEWPORT-2",1264453546
nossec,"PMT-NEWPORTNEWS",1264453546
nossec,"PMT-PORTCENTER",1264453546
nossec,"PMT-ROATWNSQ",1264453546
nossec,"PMT-SALEM",1264453546
nossec,"PMT-SHOPWOLRD",1264453546
nossec,"PMT-STALBANS",1264453546
nossec,"PMT-STRATFORD",1264453546
nossec,"PMT-TEAYSVALLEY",1264453546
nossec,"PMT-TESTKSK-ST",1264453546
nossec,"PMT-TOWNSIDE",1264453546
nossec,"PMT-VABEACH",1264453546
nossec,"PMT-WARDSRD",1264453546
nossec,"PMT-WAYNESBORO",1264453546
nossec,"PMT-WBORETAIL",1264453546
nossec,"PMT-WILLIAMBURG",1264453546
nossec,"PORTKIOSK-PST",1264453546
nossec,"PST-250STN",1264453546
nossec,"PST-HARRISONBG",1264453546
nossec,"PST-HBGUNIV",1264453546
nossec,"PST-LEXINGTON",1264453546
nossec,"PST-LYNCHFORT",1264453546
nossec,"PST-LYNCHGRAVES",1264453546
nossec,"PST-PANTOPS",1264453546
nossec,"PST-SHOPWORLD",1264453546
nossec,"PST-STNMALL",1264453546
nossec,"PST-WARDSRD",1264453546
nossec,"PST-WAYNESBORO",1264453546
nossec,"PST-WBOTWNCENT",1264453546
nossec,"PST-WINCHESTER",1264453546
nossec,"PST-WOODSTOCK",1264453546
nossec,RADFORD001,1264453546
nossec,RADFORD004,1264453546
nossec,RADFORDMGR,1264453546
nossec,RADFORDPST,1264453546
nossec,SALEM001,1264453546
nossec,SALEMPST,1264453546
nossec,SALEMRET001,1264453546
nossec,SALEMRET004,1264453546
nossec,SALEMRET005,1264453546
nossec,SHOPWORLD001,1264453546
nossec,SHOPWORLD002,1264453546
nossec,SHOPWORLD003,1264453546
nossec,SHOPWORLD005,1264453546
nossec,SHOPWORLD006,1264453546
nossec,SHOPWORLD008,1264453546
nossec,SHORTPUMP001,1264199149
nossec,SHORTPUMP002,1264453546
nossec,SHORTPUMP007,1264453546
nossec,SHORTPUMP03,1264453546
nossec,SHORTPUMP04,1264453546
nossec,SHORTPUMP05,1264453546
nossec,SHORTPUMP06,1264453546
nossec,SHORTPUMPPST,1264453546
nossec,"SOUTHPARK-PST",1264453546
nossec,SOUTHPARK001,1264453546
nossec,SOUTHPARK002,1264453546
nossec,SOUTHPARK004,1264453546
nossec,SOUTHPARK007,1264453546
nossec,SOUTHPARK010,1264453546
nossec,SOUTHPARK012,1264453546
nossec,SOUTHPARK05,1264453546
nossec,SOUTHPARK08,1264428347
nossec,SOUTHRIDGE01,1264453546
nossec,SOUTHRIDGE02,1264453546
nossec,SOUTHRIDGE03,1264453546
nossec,SOUTHRIDGE04,1264453546
nossec,SOUTHRIDGE05,1264453546
nossec,SOUTHRIDGEPST,1264453546
nossec,STALBANS01,1264453546
nossec,STALBANS02,1264453546
nossec,STALBANS03,1264453546
nossec,STALBANS04,1264453546
nossec,STALBANS100,1264453546
nossec,STALBANSPST,1264453546
nossec,STALBANSRET06,1264453546
nossec,STNMALL001,1264453546
nossec,STNMALL002,1264453546
nossec,STNMALL003,1264453546
nossec,STNMALL004,1264453546
nossec,"STRATFORD-PST",1264453546
nossec,STRATFORD002,1264453546
nossec,STRATFORD003,1264453546
nossec,STRATFORD004,1264453546
nossec,STRATFORD005,1264453546
nossec,STRATFORD01,1264453546
nossec,"SUFFOLK-PST",1264453546
nossec,SUFFOLK001,1264453546
nossec,SUFFOLK002,1264453546
nossec,SUFFOLK003,1264453546
nossec,SUFFOLK004,1264283448
nossec,SUFFOLK005,1264283148
nossec,SUFFOLK006,1264453546
nossec,TAZWELL001,1264453546
nossec,TAZWELL003,1264453546
nossec,TAZWELL006,1264453546
nossec,TAZWELLPST,1264453546
nossec,TEAYSVALLEY01,1264453546
nossec,TEAYSVALLEY02,1264453546
nossec,TEAYSVALLEY03,1264453546
nossec,TEAYSVALLEY04,1264453546
nossec,TEAYSVALLEY06,1264453546
nossec,TEAYSVALLEYPST,1264453546
nossec,TOWNSIDE001,1264453546
nossec,TOWNSIDEMGR,1264399846
nossec,TOWNSIDEPST,1264453546
nossec,TOWNSIDERET001,1264453546
nossec,TOWNSIDERET003,1264399546
nossec,TOWNSQPST,1264453546
nossec,TOWNSQRET009,1264453546
nossec,VABEACHPST,1264453546
nossec,VABEACHRET001,1264453546
nossec,VABEACHRET002,1264453546
nossec,VABEACHRET003,1264453546
nossec,VABEACHRET004,1264453546
nossec,VABEACHRET006,1264453546
nossec,VABEACHRET007,1264453546
nossec,VABEACHRET008,1264453546
nossec,VABEACHRET05,1264453546
nossec,"VDI-BUCKHAN01",1264453546
nossec,"VDI-BUCKHAN02",1264453546
nossec,"VDI-BUCKHAN03",1264453546
nossec,"VDI-BUCKHAN04",1264453546
nossec,"VDI-BUCKHAN05",1264453546
nossec,"VDI-CHARLESTC01",1264453546
nossec,"VDI-GLENMARK01",1264453546
nossec,"VDI-GLENMARK02",1264453546
nossec,"VDI-GLENMARK03",1264453546
nossec,"VDI-GLENMARK04",1264453546
nossec,"VDI-GLENMARK05",1264453546
nossec,"VDI-GLENMARK06",1264453546
nossec,"VDI-HUNTRET01",1264453546
nossec,"VDI-HUNTRET02",1264453546
nossec,"VDI-HUNTRET03",1264453546
nossec,"VDI-HUNTRET05",1264453546
nossec,"VDI-HUNTRET06",1264453546
nossec,"VDI-HUNTRET07",1264453546
nossec,"VDI-HUNTRET08",1264453546
nossec,"VDI-HUNTRET09",1264018851
nossec,"VDI-KEMPSRIV01",1264453546
nossec,"VDI-NEWBOST01",1264453546
nossec,"VDI-NEWBOST02",1264453546
nossec,"VDI-NEWBOST03",1264453546
nossec,"VDI-NEWBOST04",1264453546
nossec,"VDI-NEWBOST05",1264453546
nossec,"VDI-PANTOPS01",1264453546
nossec,"VDI-PORTKIOSK01",1264453546
nossec,"VDI-PORTKIOSK02",1264453546
nossec,"VDI-STRATFORD01",1264453546
nossec,"VDI-TELESALES01",1264453546
nossec,"VDI-TELESALES02",1264453546
nossec,"VDI-TELESALES03",1264453546
nossec,"VDI-TELESALES04",1264453546
nossec,"VDI-TELESALES05",1264453546
nossec,"VDI-TELESALES06",1264453546
nossec,"VDI-TELESALES08",1264453546
nossec,"VDI-TELESALES09",1264453546
nossec,"VDI-TOWNSQRET02",1264453546
nossec,"VDI-TOWNSQRET03",1264453546
nossec,"VDI-TOWNSQRET04",1264453546
nossec,"VDI-TOWNSQRET05",1264453546
nossec,"VDI-TOWNSQRET06",1264453546
nossec,"VDI-TOWNSQRET07",1264453546
nossec,"VDI-TOWNSQRET08",1264453546
nossec,"VDI-WBOTWNCTR01",1264453546
nossec,"VDI-WBOTWNCTR02",1264453546
nossec,"VDI-WBOTWNCTR03",1264453546
nossec,"VDI-WBOTWNCTR04",1264453546
nossec,"VDI-WBOTWNCTR05",1264453546
nossec,"VDI-WBOTWNCTR06",1264453546
nossec,"VDI-WBOTWNCTR07",1264453546
nossec,WARDSRD001,1264453546
nossec,WARDSRD002,1264453546
nossec,WARDSRD003,1264453546
nossec,WARDSRD004,1264011351
nossec,WARDSRD006,1264453546
nossec,WARDSRD007,1264453546
nossec,WBORETAIL001,1264453546
nossec,WBORETAIL002,1264453546
nossec,WBORETAIL003,1264453546
nossec,WBORETAIL004,1264453546
nossec,WBORETAIL005,1264453546
nossec,WBORETAIL006,1264453546
nossec,WBORETAIL007,1264453546
nossec,WBORETAIL008,1264453546
nossec,WBORETAIL009,1264267248
nossec,WBORETAIL012,1264453546
nossec,WBORETAIL014,1264453546
nossec,WBORETAIL015,1264453546
nossec,WBORETAIL016,1264453546
nossec,WBORETAIL017,1264453546
nossec,WBORETAIL020,1264453546
nossec,WBORETAIL021,1264453546
nossec,WBORETAIL022,1264453546
nossec,WBOTWNCENT001,1264453546
nossec,WBOTWNCENT006,1264453546
nossec,WBOTWNCENT007,1264453546
nossec,WILLIAMSBURG001,1264453546
nossec,WILLIAMSBURG002,1264453546
nossec,WILLIAMSBURG003,1264453546
nossec,WILLIAMSBURG004,1264453546
nossec,WILLIAMSBURG005,1264453546
nossec,WILLIAMSBURG006,1264453546
nossec,WILLIAMSBURPST,1264453546
nossec,WINCHESTER001,1264453546
nossec,WINCHESTER002,1264453546
nossec,WINCHESTER003,1264453546
nossec,WINCHESTER004,1264453546
nossec,WOODSTOCK001,1264453546
nossec,WOODSTOCK002,1264453546
nossec,WOODSTOCK003,1264453546
"nscout_data2_virt",AHMED1,1264453545
"nscout_data2_virt",AHMED2,1264453545
"nscout_data2_virt","APA-MPP-1",1264453545
"nscout_data2_virt","APA-MPP-2",1264453545
"nscout_data2_virt","APA-VPMS-1",1264453545
"nscout_data2_virt",APLDEAPP,1264089650
"nscout_data2_virt",KDM1,1264453545
"nscout_data2_virt",KDM2,1264453545
"nscout_data2_virt",KDMLAB,1264453545
"nscout_data2_virt",MARCO2,1264453545
"nscout_data2_virt","NSCOUT-COV1",1264453545
"nscout_data2_virt","NSCOUT-COV2",1264453545
"nscout_data2_virt",NSCOUT3,1264453545
"nscout_data2_virt","NSCOUT4 (SERVER)",1264453545
"nscout_data2_virt",NSCOUTBKUP,1264453545
"nscout_data2_virt",NSECT1,1264453545
"nscout_data2_virt",ORR,1264453545
"nscout_data2_virt",POLO,1264453545
"nscout_data2_virt",R3CFWVA,1264453545
"nscout_data2_virt",TABOO,1264095050
"nscout_data2_virt",TCK,1264453545
"nscout_data2_virt","VDI-STD003",1264453545
"nscout_data2_virt","WAYNE-IVR1",1264453545
"nscout_data2_virt",YOSSARIAN,1264453545
"nscout_data2_virt",ZAPP1,1264453545
"nscout_data2_virt",ZAPP2,1264453545
nsecdata,"NSECDATA.NTELOS.COM (SERVER)",1264453545
nsecdata,NSECXP,1264453545
